connect 'jdbc:derby://localhost:1527/proyectos;user=proyectos;password=proyectos;';

CREATE TABLE TBLALUMNOS (APMATERNO VARCHAR(32), APPATERNO VARCHAR(32), NOMBRE VARCHAR(32), CLVALUMNO VARCHAR(32) NOT NULL, ACTIVO INTEGER, PRIMARY KEY (CLVALUMNO));


INSERT INTO PROYECTOS.TBLALUMNOS (APMATERNO, APPATERNO, NOMBRE, CLVALUMNO, ACTIVO) 
	VALUES ('Cisneros', 'Villasana', 'Yosshua Eli', '179889', 1);
INSERT INTO PROYECTOS.TBLALUMNOS (APMATERNO, APPATERNO, NOMBRE, CLVALUMNO, ACTIVO) 
	VALUES ('Toledo', 'Galindo', 'Antonio', '179999', 1);
INSERT INTO PROYECTOS.TBLALUMNOS (APMATERNO, APPATERNO, NOMBRE, CLVALUMNO, ACTIVO) 
	VALUES ('Franco', 'Gómez', 'Mariano', '178999', 1);
INSERT INTO PROYECTOS.TBLALUMNOS (APMATERNO, APPATERNO, NOMBRE, CLVALUMNO, ACTIVO) 
	VALUES ('Franco', 'Pérez', 'Mario', '129999', 1);
INSERT INTO PROYECTOS.TBLALUMNOS (APMATERNO, APPATERNO, NOMBRE, CLVALUMNO, ACTIVO) 
	VALUES ('Rodriguez', 'Plauchu', 'Rodrigo', '182671', 1);
INSERT INTO PROYECTOS.TBLALUMNOS (APMATERNO, APPATERNO, NOMBRE, CLVALUMNO, ACTIVO) 
	VALUES ('Gomez', 'Franco', 'Mariano', '181335', 1);
INSERT INTO PROYECTOS.TBLALUMNOS (APMATERNO, APPATERNO, NOMBRE, CLVALUMNO, ACTIVO) 
	VALUES ('Delgado', 'Elizondo', 'Carlos Alberto', '181866', 1);

CREATE TABLE TBLCONTIENDA (CLVCONTIENDA VARCHAR(32) NOT NULL, NOMBRECONT VARCHAR(50), FECHAINI DATE, FECHAFIN DATE, PRIMARY KEY (CLVCONTIENDA));

INSERT INTO PROYECTOS.TBLCONTIENDA (CLVCONTIENDA, NOMBRECONT, FECHAINI, FECHAFIN) 
	VALUES ('C1', 'Otoño 2021', '2021-11-01', '2021-12-25');


CREATE TABLE TBLCREADORES (CLVUSUARIO VARCHAR(32) NOT NULL, PASSWORD VARCHAR(32), NOMBREUSUARIO VARCHAR(50), PRIMARY KEY (CLVUSUARIO));

INSERT INTO PROYECTOS.TBLCREADORES (CLVUSUARIO, PASSWORD, NOMBREUSUARIO) 	
VALUES ('1', 'password', 'Yosshua Cisneros');


CREATE TABLE TBLPROYECTOS (CLVPROYECTO VARCHAR(32) NOT NULL, NOMBREPRO VARCHAR(50), DESCRIPTION VARCHAR(500), CLVCONTIENDA VARCHAR(32), DESCCORTA VARCHAR(50), PRIMARY KEY (CLVPROYECTO));

INSERT INTO PROYECTOS.TBLPROYECTOS (CLVPROYECTO, NOMBREPRO, DESCRIPTION, CLVCONTIENDA, DESCCORTA) 
	VALUES ('P1', 'Buddy program', 'Recibe a un estudiante de intercambio desde que llega a México. Tienes que mostrarle los transportes, lugares seguros y el ITAM. ', 'C1', 'Adoptar a un estudiante internacional');
INSERT INTO PROYECTOS.TBLPROYECTOS (CLVPROYECTO, NOMBREPRO, DESCRIPTION, CLVCONTIENDA, DESCCORTA) 
	VALUES ('P2', 'Zona de fumadores', 'Con el fin de tener un espacio libre de humo el proyecto es crear una zona específica para fumadores.', 'C1', 'Crear zona para fumadores');
INSERT INTO PROYECTOS.TBLPROYECTOS (CLVPROYECTO, NOMBREPRO, DESCRIPTION, CLVCONTIENDA, DESCCORTA) 
	VALUES ('P3', 'Ayuda foránea', 'Con el fin de ayudar a los foráneos para los finales presenciales se les dará una beca de apoyo.', 'C1', 'Se becará a los foráneos.');


CREATE TABLE TBLVOTO (CLVALUMNO VARCHAR(32), CLVCONTIENDA VARCHAR(32), CLVPROYECTO VARCHAR(32));


INSERT INTO PROYECTOS.TBLVOTO (CLVALUMNO, CLVCONTIENDA, CLVPROYECTO) 
	VALUES ('179889', 'C1', 'P1');
INSERT INTO PROYECTOS.TBLVOTO (CLVALUMNO, CLVCONTIENDA, CLVPROYECTO) 
	VALUES ('129999', 'C1', 'P2');
INSERT INTO PROYECTOS.TBLVOTO (CLVALUMNO, CLVCONTIENDA, CLVPROYECTO) 
	VALUES ('181335', 'C1', 'P3');
INSERT INTO PROYECTOS.TBLVOTO (CLVALUMNO, CLVCONTIENDA, CLVPROYECTO) 
	VALUES ('182671', 'C1', 'P2');
INSERT INTO PROYECTOS.TBLVOTO (CLVALUMNO, CLVCONTIENDA, CLVPROYECTO) 
	VALUES ('181866', 'C1', 'P2');
